<?xml version="1.0" encoding="UTF-8"?>
<Configuration status="debug" monitorInterval="30">
	<Properties>
		<Property name="log-path">C:\Users\Tamilarasi\Project\logs</Property>
	</Properties>

	<Appenders>
		<RollingFile name="file-log"
			fileName="${log-path}/upload-cts-rb-info.log"
			filePattern="${log-path}/upload-cts-rb-info-%d{yyyy-MM-dd}.log">
			<PatternLayout pattern="[%-5level] %d{yyyy-MM-dd HH:mm:ss.SSS} [%t] %c{1} - %msg%n" />
			<Policies>
				<TimeBasedTriggeringPolicy interval="1"
					modulate="true" />
			</Policies>
		</RollingFile>
		<Console name="console" target="SYSTEM_OUT">
			<PatternLayout pattern="[%-5level] %msg%n" />
		</Console>
	</Appenders>
	<Loggers>
		<Logger name="com.cognizant.rabobank.display" level="debug" additivity="false">
			<appender-ref ref="file-log" level="info" />
			<appender-ref ref="console" level="info" />
		</Logger>
		<Root level="info" additivity="false">
		</Root>
	</Loggers>
</Configuration>
